name,date,price,currency,raw_date,raw_price
"Caroni 1999 Cadenhead's 21 Year Old","2021-10-11",216,"£,11.10.21,£216"
"Caroni 1996 Velier Full Proof Heavy / Deodat 'Breeze' Manmohan","2021-10-11",1350,"£,11.10.21,£1,350"
"Caroni 1998 Rum Sponge 22 Year Old Edition No.1","2021-10-11",395,"£,11.10.21,£395"
"Caroni Velier Employees 4th Release 3 x 70cl","2021-10-11",2500,"£,11.10.21,£2,500"
"Caroni 1998 Thompson Brothers 23 Year Old","2021-10-11",223,"£,11.10.21,£223"
"Caroni 1998 Thompson Brothers 23 Year Old","2021-10-11",317,"£,11.10.21,£317"
"Caroni 1998 Thompson Brothers 23 Year Old","2021-10-11",210,"£,11.10.21,£210"
"Caroni 1996 Velier 23 Year Old Full Proof Blended / Tasting Gang","2021-10-11",525,"£,11.10.21,£525"
"Caroni Velier Employees 4th Release Gift Set 3 x 20cl","2021-10-11",850,"£,11.10.21,£850"
"Hampden DOK 2019 Rom de Luxe ex-Caroni Cask Finish / 5th Anniversary","2021-10-11",410,"£,11.10.21,£410"
"Caroni 20 Year Old That Boutique-y Rum Company Batch #1","2021-10-11",196,"£,11.10.21,£196"
"Caroni 1991 Velier 19 Year Old Blended","2021-10-11",1650,"£,11.10.21,£1,650"
"Caroni 1991 Velier 19 Year Old Blended","2021-10-11",1950,"£,11.10.21,£1,950"
"Caroni 1983 Velier 22 Year Old High Proof Heavy","2021-10-11",1250,"£,11.10.21,£1,250"
"Caroni 1997 Whisky Krueger 18 Year Old Miniature x 5","2021-10-11",133,"£,11.10.21,£133"
"Caroni Jack Tar Music! Series 6 x 70cl","2021-10-11",2900,"£,11.10.21,£2,900"
"Caroni Jack Tar Le Soleil & La Lune 2 x 70cl","2021-10-11",825,"£,11.10.21,£825"
"Caroni 2000 Velier 17 Year Old High Proof 75cl / US Import","2021-10-11",725,"£,11.10.21,£725"
"Hampden DOK 2019 Rom de Luxe ex-Caroni Cask Finish / 5th Anniversary","2021-10-11",405,"£,11.10.21,£405"
"Caroni Providence 1991 Moon Import","2021-10-11",390,"£,11.10.21,£390"
"Caroni 1998 Velier Full Proof Heavy / Ganesh 'Buju' Ramgobie","2021-10-11",950,"£,11.10.21,£950"
"Caroni 1996 Velier Full Proof Heavy / Vijay 'Vijay' Ranmarine","2021-10-11",1300,"£,11.10.21,£1,300"
"Caroni 2000 Velier Full Proof Heavy / Nita 'Nitz' Hogan","2021-10-11",948,"£,11.10.21,£948"
"Caroni 1996 Velier 17 Year Old High Proof Heavy","2021-10-11",775,"£,11.10.21,£775"
"Caroni 2000 Velier 12 Year Old 100 Proof","2021-10-11",255,"£,11.10.21,£255"
"Caroni 1998 Velier Full Proof Heavy / Dayanand 'Yunkoo' Balloon 20cl","2021-10-11",231,"£,11.10.21,£231"
"Caroni 1994 Velier 23 Year Old 100 Proof Heavy / Guyana Stock","2021-10-11",500,"£,11.10.21,£500"
"Caroni 22 Year Old That Boutique-y Rum Company Batch #4 / Kirsch","2021-10-11",200,"£,11.10.21,£200"
"Caroni Navy Rum La Maison and Velier / 100th Anniversary","2021-10-11",245,"£,11.10.21,£245"
"Caroni 1996 Velier Full Proof Heavy / Roopnarine 'Roop' Toolsie","2021-10-11",1350,"£,11.10.21,£1,350"
"Caroni 1989 Isla del Ron","2021-10-11",192,"£,11.10.21,£192"
"Caroni 1996 Velier 20 Year Old Full Proof Heavy","2021-10-11",1050,"£,11.10.21,£1,050"
"Caroni 1996 Velier 21 Year Old 100 Imperial Proof","2021-10-11",420,"£,11.10.21,£420"
"Caroni TMCG 1998 Rom de Luxe 23 Year Old / Uhrskov Vine","2021-10-11",1250,"£,11.10.21,£1,250"
"Hampden DOK 2019 Rom de Luxe ex-Caroni Cask Finish / 5th Anniversary","2021-10-11",400,"£,11.10.21,£400"
"Caroni 1998 Tortuga No.1 22 Year Old","2021-10-11",470,"£,11.10.21,£470"
"Caroni 1998 Rum Sponge 22 Year Old Edition No.1","2021-10-11",383,"£,11.10.21,£383"
"Caroni 1996 Velier 23 Year Old Full Proof Heavy / 'The Last Caroni'","2021-10-11",1150,"£,11.10.21,£1,150"
"Caroni Velier Employees 4th Release Gift Set 3 x 20cl","2021-10-11",875,"£,11.10.21,£875"
"Caroni Velier Employees 3rd Release 3 x 20cl","2021-10-11",1000,"£,11.10.21,£1,000"
"Caroni TMCG 1998 Cadenhead's 20 Year Old","2021-10-11",247,"£,11.10.21,£247"
"Caroni 1996 Velier Full Proof Heavy / Vijay 'Vijay' Ranmarine","2021-10-11",1201,"£,11.10.21,£1,201"
"Caroni 1998 Velier 21 Year Old Full Proof Heavy / Kevon 'Slippery' Moreno","2021-10-11",1150,"£,11.10.21,£1,150"
"Caroni 1998 Velier Full Proof Heavy / Ganesh 'Buju' Ramgobie","2021-10-11",900,"£,11.10.21,£900"
"Caroni 1996 Velier 23 Year Old Full Proof Heavy / 'The Last Caroni'","2021-10-11",1100,"£,11.10.21,£1,100"
"Caroni 1993 The 1423 SBS 'The Beast'","2021-10-11",230,"£,11.10.21,£230"
"Caroni 10 Year Old Bristol Classic VSOC","2021-10-11",122,"£,11.10.21,£122"
"Caroni 1998 Bristol Classic","2021-10-11",130,"£,11.10.21,£130"
"Caroni 1989 Isla del Ron","2021-10-11",185,"£,11.10.21,£185"
"Caroni 1996 The Secret Treasures","2021-10-11",130,"£,11.10.21,£130"
"Caroni 1998 Velier 15 Year Old 104 Proof","2021-10-11",235,"£,11.10.21,£235"
"Hampden DOK 2019 Rom de Luxe ex-Caroni Cask Finish / 5th Anniversary","2021-10-11",400,"£,11.10.21,£400"
"Caroni 1999 Alambic Classique 18 Year Old","2021-10-11",142,"£,11.10.21,£142"
"Caroni 1998 Velier 15 Year Old 104 Proof","2021-10-11",230,"£,11.10.21,£230"
"Caroni 1994 Velier 23 Year Old 100 Proof Heavy / Guyana Stock","2021-10-11",500,"£,11.10.21,£500"
"Caroni 2000 Velier Full Proof Heavy / Nita 'Nitz' Hogan","2021-10-11",951,"£,11.10.21,£951"
"Caroni 2000 Velier Full Proof Heavy / Nita 'Nitz' Hogan","2021-10-11",901,"£,11.10.21,£901"
"Caroni 1996 Velier 21 Year Old 100 Imperial Proof","2021-10-11",410,"£,11.10.21,£410"
"Caroni 1996 Velier 21 Year Old 100 Imperial Proof","2021-10-11",415,"£,11.10.21,£415"
"Caroni 1998 Velier Full Proof Heavy / Ganesh 'Buju' Ramgobie","2021-10-11",950,"£,11.10.21,£950"
"Caroni 1996 Velier 23 Year Old Full Proof Blended / Tasting Gang","2021-10-11",525,"£,11.10.21,£525"
"Caroni 1998 Velier 21 Year Old Full Proof Heavy / Kevon 'Slippery' Moreno","2021-10-11",1100,"£,11.10.21,£1,100"
"Caroni 1994 Velier 23 Year Old 100 Proof Heavy / Guyana Stock","2021-10-11",550,"£,11.10.21,£550"
"Caroni 2000 Velier 17 Year Old High Proof 75cl / US Import","2021-10-11",851,"£,11.10.21,£851"
"Caroni 1994 Velier 23 Year Old 100 Proof Heavy / Guyana Stock","2021-10-11",551,"£,11.10.21,£551"
"Caroni 1996 Velier 23 Year Old Full Proof Blended / Tasting Gang","2021-10-11",525,"£,11.10.21,£525"
"Caroni 1996 Velier Full Proof Heavy / Vijay 'Vijay' Ranmarine","2021-10-11",1300,"£,11.10.21,£1,300"
"Caroni 1998 Velier 15 Year Old 104 Proof","2021-10-11",242,"£,11.10.21,£242"
"Caroni 1996 Velier 23 Year Old Full Proof Blended / Tasting Gang","2021-10-11",525,"£,11.10.21,£525"
"Caroni 1998 Velier 17 Year Old 110 Proof","2021-10-11",270,"£,11.10.21,£270"
"Caroni 1994 Velier 23 Year Old 100 Proof Heavy / Guyana Stock","2021-10-11",525,"£,11.10.21,£525"
"Caroni 1998 Velier Full Proof Heavy / Ganesh 'Buju' Ramgobie","2021-10-11",900,"£,11.10.21,£900"
"Caroni 1996 Velier Full Proof Heavy / Vijay 'Vijay' Ranmarine","2021-10-11",1251,"£,11.10.21,£1,251"
"Caroni 1994 Velier 23 Year Old 100 Proof Heavy / Guyana Stock","2021-10-11",500,"£,11.10.21,£500"
"Caroni 1998 Velier 15 Year Old 104 Proof","2021-10-11",226,"£,11.10.21,£226"
"Caroni 1994 Velier 23 Year Old 100 Proof Heavy / Guyana Stock","2021-10-11",500,"£,11.10.21,£500"
"Caroni 1998 Velier 15 Year Old 104 Proof","2021-10-11",230,"£,11.10.21,£230"
"Caroni 1994 Velier 23 Year Old 100 Proof Heavy / Guyana Stock","2021-10-11",505,"£,11.10.21,£505"
"Caroni 1998 Velier 15 Year Old 104 Proof","2021-10-11",230,"£,11.10.21,£230"
"Caroni 1998 Velier 17 Year Old 110 Proof","2021-10-11",275,"£,11.10.21,£275"
"Hampden DOK 2019 Rom de Luxe ex-Caroni Cask Finish / 5th Anniversary","2021-10-11",400,"£,11.10.21,£400"
"Caroni 1997 Kyoto Fine Wine and Spirits","2021-10-11",332,"£,11.10.21,£332"
"Caroni 1998 Kyoto Fine Wine and Spirits","2021-10-11",292,"£,11.10.21,£292"
"Caroni 1997 The 1423 SBS Box Set 4 x 20cl","2021-10-11",210,"£,11.10.21,£210"
"Caroni 1996 Velier Full Proof Heavy / Deodat 'Breeze' Manmohan","2021-10-11",1250,"£,11.10.21,£1,250"
"Caroni 1997 Rum Nation Small Batch Sherry Finish","2021-10-11",180,"£,11.10.21,£180"
"Caroni 1997 Rum Nation Small Batch Sherry Finish","2021-10-11",170,"£,11.10.21,£170"
"Caroni 1997 Rum Nation Small Batch Sherry Finish","2021-10-11",180,"£,11.10.21,£180"
"Caroni 1997 The 1423 SBS Box Set 4 x 20cl","2021-10-11",242,"£,11.10.21,£242"
"Caroni 1993 The 1423 SBS 'The Beast'","2021-10-11",250,"£,11.10.21,£250"
"Caroni 1992 Velier 18 Year Old Full Proof Heavy","2021-10-11",1999,"£,11.10.21,£1,999"
"Caroni 1998 Velier 15 Year Old 104 Proof","2021-10-11",230,"£,11.10.21,£230"
"Caroni 1997 Sansibar 18 Year Old","2021-10-11",185,"£,11.10.21,£185"
"Caroni 1989 Isla del Ron","2021-09-13",250,"£,13.09.21,£250"
"Caroni 1996 The Secret Treasures","2021-09-13",110,"£,13.09.21,£110"
"Caroni 1998 Rum Nation","2021-09-13",140,"£,13.09.21,£140"
"Caroni Employees Special Edition 4th Release 3 x 20 cl","2021-09-13",850,"£,13.09.21,£850"
"Caroni 1997 Whisky Agency 23 Year Old","2021-09-13",225,"£,13.09.21,£225"
"Caroni HTR 1997 Cadenhead's 20 Year Old","2021-09-13",200,"£,13.09.21,£200"
"Caroni HTR 1997 Cadenhead's 20 Year Old","2021-09-13",200,"£,13.09.21,£200"
"Caroni HTR 1997 Cadenhead's 21 Year Old","2021-09-13",180,"£,13.09.21,£180"
"Caroni HTR 1997 Cadenhead's 21 Year Old","2021-09-13",180,"£,13.09.21,£180"
"Caroni TMCG 1998 Cadenhead's 21 Year Old","2021-09-13",180,"£,13.09.21,£180"
"Caroni TMCG 1998 Cadenhead's 21 Year Old","2021-09-13",171,"£,13.09.21,£171"
"Caroni 1998 Rum Sponge 22 Year Old Edition No.1","2021-09-13",361,"£,13.09.21,£361"
"Caroni 1998 Kyoto Fine Wine and Spirits","2021-09-13",600,"£,13.09.21,£600"
"Caroni 1997 Kyoto Fine Wine and Spirits","2021-09-13",725,"£,13.09.21,£725"
"Caroni 1996 Velier 21 Year Old 100 Imperial Proof","2021-09-13",410,"£,13.09.21,£410"
"Caroni 1998 Velier 17 Year Old 110 Proof","2021-09-13",470,"£,13.09.21,£470"
"Caroni Providence 1991 Moon Import","2021-09-13",350,"£,13.09.21,£350"
"Caroni Providence 1990 Barangai 15 Year Old","2021-09-13",2200,"£,13.09.21,£2,200"
"Caroni 16 Year Old Ancient Mariner 50cl","2021-09-13",160,"£,13.09.21,£160"
"Caroni 1989 Bristol Classic","2021-09-13",525,"£,13.09.21,£525"
"Caroni 1997 Bristol Classic","2021-09-13",206,"£,13.09.21,£206"
"Caroni 1998 Bristol Classic","2021-09-13",170,"£,13.09.21,£170"
"Caroni 1974 Bristol Classic","2021-09-13",1170,"£,13.09.21,£1,170"
"Caroni 2000 Velier 12 Year Old 100 Proof","2021-09-13",240,"£,13.09.21,£240"
"Caroni 1998 Velier 17 Year Old 110 Proof","2021-09-13",410,"£,13.09.21,£410"
"Caroni 1998 Velier 15 Year Old 104 Proof","2021-09-13",380,"£,13.09.21,£380"
"Caroni 1997 Silver Seal 16 Year Old","2021-09-13",925,"£,13.09.21,£925"
"Caroni 1998 Rum Nation 2nd Batch","2021-09-13",170,"£,13.09.21,£170"
"Caroni 1997 The Auld Alliance 23 Year Old / Colheitas","2021-09-13",600,"£,13.09.21,£600"
"Caroni 1998 Rum Nation 22 Year Old Small Batch 50cl","2021-09-13",170,"£,13.09.21,£170"
"Caroni 20 Year Old That Boutique-y Rum Company Batch #2","2021-09-13",185,"£,13.09.21,£185"
"Caroni 20 Year Old That Boutique-y Rum Company Batch #1","2021-09-13",195,"£,13.09.21,£195"
"Caroni 1989 Isla del Ron","2021-09-13",240,"£,13.09.21,£240"
"Caroni 1998 Thompson Brothers 23 Year Old","2021-09-13",260,"£,13.09.21,£260"
"Caroni 1998 Velier 17 Year Old 110 Proof","2021-09-13",410,"£,13.09.21,£410"
"Caroni 1997 Whisky Krueger 18 Year Old 35cl","2021-09-13",161,"£,13.09.21,£161"
"Caroni 18 Year Old A.D. Rattray​","2021-09-13",260,"£,13.09.21,£260"
"Caroni Velier Employees 3rd Release 3 x 20cl","2021-09-13",953,"£,13.09.21,£953"
"Caroni 1997 Rum Nation Small Batch Sherry Finish","2021-09-13",250,"£,13.09.21,£250"
"Caroni 1997 Rum Nation Small Batch Sherry Finish","2021-09-13",240,"£,13.09.21,£240"
"Caroni 1997 Rum Nation Small Batch Sherry Finish","2021-09-13",250,"£,13.09.21,£250"
"Caroni 1997 Silver Seal 18 Year Old / Rum is Nature","2021-09-13",1051,"£,13.09.21,£1,051"
"Caroni 16 Year Old Ancient Mariner 50cl","2021-09-13",162,"£,13.09.21,£162"
"Caroni 2000 Velier 15 Year Old Single Cask Heavy #3783","2021-09-13",2000,"£,13.09.21,£2,000"
"Caroni 2000 Velier 18 Year Old Single Cask Heavy #R4004 / Whisky Antique","2021-09-13",1950,"£,13.09.21,£1,950"
"Caroni 2000 Velier 17 Year Old Single Cask Heavy #R4002 / Eataly","2021-09-13",1950,"£,13.09.21,£1,950"
"Caroni 1998 Tortuga No.1 22 Year Old","2021-09-13",775,"£,13.09.21,£775"
"Caroni Velier Employees 4th Release Gift Set 3 x 20cl","2021-09-13",705,"£,13.09.21,£705"
"Caroni 1998 Kyoto Fine Wine and Spirits","2021-09-13",525,"£,13.09.21,£525"
"Caroni 1997 Kyoto Fine Wine and Spirits","2021-09-13",725,"£,13.09.21,£725"
"Caroni 1997 Rum Sponge 23 Year Old Edition No.3B","2021-09-13",240,"£,13.09.21,£240"
"Caroni 1997 Bristol Classic","2021-09-13",192,"£,13.09.21,£192"
"Caroni 1997 The Rum Cask 18 Year Old","2021-09-13",250,"£,13.09.21,£250"
"Caroni 1997 Sansibar 18 Year Old","2021-09-13",210,"£,13.09.21,£210"
"Caroni 1997 Svenska Eldvatten","2021-09-13",165,"£,13.09.21,£165"
"Caroni 1999 Gleann Mor 16 Year Old","2021-09-13",219,"£,13.09.21,£219"
"Caroni 1996 Velier 20 Year Old 100 Proof Heavy","2021-09-13",1051,"£,13.09.21,£1,051"
"Caroni 1994 Velier 18 Year Old Full Proof Heavy","2021-09-13",1070,"£,13.09.21,£1,070"
"Caroni 1998 Velier 15 Year Old 104 Proof","2021-09-13",410,"£,13.09.21,£410"
"Caroni 1998 Velier 16 Year Old Full Proof Heavy","2021-09-13",875,"£,13.09.21,£875"
"Caroni 1997 Silver Seal / Wildlife Series No.2","2021-09-13",1351,"£,13.09.21,£1,351"
"Caroni 1996 Velier 23 Year Old Full Proof Heavy / 'The Last Caroni'","2021-09-13",976,"£,13.09.21,£976"
"Caroni Kyoto Fine Wine and Spirits 2 x 70cl","2021-09-13",1150,"£,13.09.21,£1,150"
"Caroni Kyoto Fine Wine and Spirits 2 x 70cl","2021-09-13",1150,"£,13.09.21,£1,150"
"Caroni 1996 Velier Full Proof Heavy / Vijay 'Vijay' Ranmarine","2021-09-13",1560,"£,13.09.21,£1,560"
"Caroni 1994 Velier 23 Year Old 100 Proof Heavy / Guyana Stock","2021-09-13",675,"£,13.09.21,£675"
"Caroni 1996 Velier 23 Year Old Full Proof Blended / Tasting Gang","2021-09-13",775,"£,13.09.21,£775"
"Caroni 1996 Velier 22 Year Old Full Proof Heavy / John 'D' Eversley","2021-09-13",2000,"£,13.09.21,£2,000"
"Caroni 1996 Velier 23 Year Old Full Proof Heavy / 'The Last Caroni'","2021-09-13",985,"£,13.09.21,£985"
"Caroni 1997 Spirits Shop' Selection / The Legend Collection","2021-09-13",525,"£,13.09.21,£525"
"Caroni 1998 Velier Full Proof Heavy 20cl / Ganesh 'Buju' Ramgobie","2021-09-13",775,"£,13.09.21,£775"
"Caroni 1996 Velier Full Proof Heavy / Roopnarine 'Roop' Toolsie","2021-09-13",1550,"£,13.09.21,£1,550"
"Caroni 1996 Velier Full Proof Heavy / Dhanraj 'Dan' Maharaj","2021-09-13",1450,"£,13.09.21,£1,450"
"Caroni 1996 Velier Full Proof Heavy / Deodat 'Breeze' Manmohan","2021-09-13",1400,"£,13.09.21,£1,400"
"Caroni HTR 1998 Rom Dansk Fanklub 22 Year Old Second Edition","2021-09-13",675,"£,13.09.21,£675"
"Caroni HTR 1997 Rom Dansk Fanklub 22 Year Old","2021-09-13",312,"£,13.09.21,£312"
"Caroni 2000 Velier 17 Year Old High Proof Heavy","2021-09-13",776,"£,13.09.21,£776"
"Caroni Velier Employees 3rd Release 3 x 20cl","2021-09-13",953,"£,13.09.21,£953"
"Caroni 1993 Bristol Classic / The 1423","2021-09-13",1001,"£,13.09.21,£1,001"
"Caroni 1996 Velier Full Proof Heavy / Roopnarine 'Roop' Toolsie","2021-09-13",1550,"£,13.09.21,£1,550"
"Caroni 1997 The 1423 SBS Box Set 4 x 20cl","2021-09-13",270,"£,13.09.21,£270"
"Caroni Jack Tar Music! Series 3 x 70cl","2021-09-13",1750,"£,13.09.21,£1,750"
"Caroni Jack Tar Music! Series 3 x 70cl","2021-09-13",953,"£,13.09.21,£953"
"Casimir 2016 Single ex-Caroni Cask 19 Month Old Clairin Ansyen / Luca Simonetta","2021-09-13",60,"£,13.09.21,£60"
"Caroni 1997 Whisky Agency 16 Year Old","2021-09-13",260,"£,13.09.21,£260"
"Caroni 19 Year Old Berry Brothers and Rudd / TWB 10th Anniversary","2021-09-13",285,"£,13.09.21,£285"
"Caroni 1996 Velier 23 Year Old Full Proof Heavy / 'The Last Caroni'","2021-09-13",1005,"£,13.09.21,£1,005"
"Caroni Navy Rum Tate and Lyle 75 Proof 1960s","2021-09-13",1950,"£,13.09.21,£1,950"
"Caroni 1989 Isla del Ron","2021-08-16",190,"£,16.08.21,£190"
"Caroni 1996 The Secret Treasures","2021-08-16",100,"£,16.08.21,£100"
"Caroni 1996 Velier 20 Year Old Full Proof Heavy","2021-08-16",685,"£,16.08.21,£685"
"Caroni 1994 Velier 23 Year Old 100 Proof Heavy / Guyana Stock","2021-08-16",610,"£,16.08.21,£610"
"Caroni Perfect Measure Samples x 6","2021-08-16",100,"£,16.08.21,£100"
"Caroni 1993 Compagnie des Indes 22 Year Old","2021-08-16",295,"£,16.08.21,£295"
"Caroni 1997 Rum Sponge 23 Year Old Edition No.3A","2021-08-16",380,"£,16.08.21,£380"
"Caroni 1999 Exclusive Rums 17 Year Old","2021-08-16",280,"£,16.08.21,£280"
"Caroni 1996 Velier 20 Year Old Full Proof Heavy","2021-08-16",650,"£,16.08.21,£650"
"Caroni 1996 Velier 20 Year Old Full Proof Heavy","2021-08-16",650,"£,16.08.21,£650"
"Caroni 2000 Velier 17 Year Old High Proof 75cl / US Import","2021-08-16",460,"£,16.08.21,£460"
"Caroni 2000 Velier 12 Year Old 100 Proof","2021-08-16",210,"£,16.08.21,£210"
"Caroni 1996 Velier 21 Year Old 100 Imperial Proof","2021-08-16",243,"£,16.08.21,£243"
"Caroni 1997 Whisky Agency 23 Year Old","2021-08-16",276,"£,16.08.21,£276"
"Caroni 1998 Rum Sponge 22 Year Old Edition No.1","2021-08-16",310,"£,16.08.21,£310"
"Caroni 1998 Velier 21 Year Old Full Proof Heavy / Kevon 'Slippery' Moreno","2021-08-16",800,"£,16.08.21,£800"
"Caroni 1995 Bonpland 21 Year Old","2021-08-16",160,"£,16.08.21,£160"
"Caroni 1974 Bristol Classic","2021-08-16",875,"£,16.08.21,£875"
"Caroni Providence 1991 Moon Import","2021-08-16",240,"£,16.08.21,£240"
"Caroni 1998 Rum Sponge 22 Year Old Edition No.1","2021-08-16",310,"£,16.08.21,£310"
"Caroni 1996 Velier Full Proof Heavy 20cl / Vijay 'Vijay' Ranmarine","2021-08-16",575,"£,16.08.21,£575"
"Caroni 1998 Velier Full Proof Heavy 20cl / Ganesh 'Buju' Ramgobie","2021-08-16",238,"£,16.08.21,£238"
"Caroni 1989 Isla del Ron","2021-08-16",200,"£,16.08.21,£200"
"Caroni 16 Year Old Ancient Mariner 50cl","2021-08-16",121,"£,16.08.21,£121"
"Caroni 1996 Velier 21 Year Old 100 Imperial Proof","2021-08-16",292,"£,16.08.21,£292"
"Caroni 1999 Alambic Classique 16 Year Old","2021-08-16",160,"£,16.08.21,£160"
"Caroni 1996 Velier 23 Year Old Full Proof Blended / Tasting Gang","2021-08-16",450,"£,16.08.21,£450"
"Caroni 2000 Velier 15 Year Old Single Cask Heavy #3767 / LMDW","2021-08-16",1402,"£,16.08.21,£1,402"
"Caroni Navy Rum La Maison and Velier / 100th Anniversary","2021-08-16",200,"£,16.08.21,£200"
"Caroni 1997 Whisky Agency 23 Year Old","2021-08-16",226,"£,16.08.21,£226"
"Caroni HTR 1997 Rom de Luxe 23 Year Old 50cl","2021-08-16",330,"£,16.08.21,£330"
"Caroni Velier Employees 5th Release 3 x 70cl","2021-08-16",3149,"£,16.08.21,£3,149"
"Caroni 1994 Velier 23 Year Old 100 Proof Heavy / Guyana Stock","2021-08-16",651,"£,16.08.21,£651"
"Caroni 1996 Velier 23 Year Old Full Proof Heavy / 'The Last Caroni'","2021-08-16",801,"£,16.08.21,£801"
"Caroni 1996 Velier 23 Year Old Full Proof Heavy / 'The Last Caroni'","2021-08-16",751,"£,16.08.21,£751"
"Caroni 2000 Velier Full Proof Heavy / Nita 'Nitz' Hogan","2021-08-16",1120,"£,16.08.21,£1,120"
"Caroni 1996 Velier 23 Year Old Full Proof Blended / Tasting Gang","2021-08-16",470,"£,16.08.21,£470"
"Caroni 1998 Velier Full Proof Heavy / Ganesh 'Buju' Ramgobie","2021-08-16",1250,"£,16.08.21,£1,250"
"Caroni 1998 Velier Full Proof Heavy / Balas 'Brigade' Bhaggan","2021-08-16",810,"£,16.08.21,£810"
"Caroni 1996 Velier Full Proof Heavy / Vijay 'Vijay' Ranmarine","2021-08-16",1251,"£,16.08.21,£1,251"
"Caroni 1998 Velier Full Proof Heavy / Dayanand 'Yunkoo' Balloon","2021-08-16",925,"£,16.08.21,£925"
"Caroni 2000 Velier Full Proof Heavy / Basdeo 'Dicky' Ramsarran","2021-08-16",776,"£,16.08.21,£776"
"Caroni 1998 Rum Artesanal 50cl","2021-08-16",180,"£,16.08.21,£180"
"Caroni 1997 The Auld Alliance 23 Year Old / Colheitas","2021-08-16",382,"£,16.08.21,£382"
"Caroni 1996 Velier 23 Year Old Full Proof Blended / Tasting Gang","2021-08-16",430,"£,16.08.21,£430"
"Caroni 2000 Velier Full Proof Heavy / Basdeo 'Dicky' Ramsarran","2021-08-16",801,"£,16.08.21,£801"
"Caroni 1996 Velier 23 Year Old Full Proof Heavy / 'The Last Caroni'","2021-08-16",850,"£,16.08.21,£850"
"Caroni 20 Year Old That Boutique-y Rum Company Batch #1","2021-08-16",155,"£,16.08.21,£155"
"Caroni 1998 Rum Nation 22 Year Old Small Batch 50cl","2021-08-16",160,"£,16.08.21,£160"
"Caroni Velier Employees 3rd Release Gift Set 3 x 20cl","2021-08-16",850,"£,16.08.21,£850"
"Caroni 1996 Velier 23 Year Old Full Proof Heavy / 'The Last Caroni'","2021-08-16",800,"£,16.08.21,£800"
"Caroni 2000 Velier 12 Year Old 100 Proof","2021-08-16",190,"£,16.08.21,£190"
"Caroni 1996 Velier 20 Year Old 100 Proof Heavy","2021-08-16",601,"£,16.08.21,£601"
"Caroni 1996 Velier 23 Year Old Full Proof Blended / Tasting Gang","2021-08-16",372,"£,16.08.21,£372"
"Caroni 1994 Velier 23 Year Old 100 Proof Heavy / Guyana Stock","2021-08-16",600,"£,16.08.21,£600"
"Caroni 2000 Velier 17 Year Old High Proof Heavy","2021-08-16",635,"£,16.08.21,£635"
"Caroni 1996 Velier 22 Year Old Full Proof Heavy / John 'D' Eversley","2021-08-16",1251,"£,16.08.21,£1,251"
"Caroni 1994 Velier 23 Year Old Single Cask R6126 1.5 Litre / Velier 70th Anniversary","2021-08-16",3600,"£,16.08.21,£3,600"
"Caroni Velier Employees 4th Release 3 x 70cl","2021-08-16",2220,"£,16.08.21,£2,220"
"Caroni 1996 Velier Full Proof Heavy / Dhanraj 'Dan' Maharaj","2021-08-16",1100,"£,16.08.21,£1,100"
"Caroni 1996 Velier Full Proof Heavy / Dhanraj 'Dan' Maharaj","2021-08-16",1052,"£,16.08.21,£1,052"
"Caroni 1997 Berry Brothers and Rudd 21 Year Old Exceptional Cask","2021-08-16",875,"£,16.08.21,£875"
"Caroni 1996 Velier 21 Year Old 100 Imperial Proof","2021-08-16",320,"£,16.08.21,£320"
"Caroni 1998 Rum Sponge 22 Year Old Edition No.1","2021-08-16",320,"£,16.08.21,£320"
"Casimir 2016 Single ex-Caroni Cask 19 Month Old Clairin Ansyen / Luca Simonetta","2021-08-16",85,"£,16.08.21,£85"
"Casimir 2016 Single ex-Caroni Cask 19 Month Old Clairin Ansyen / Luca Simonetta","2021-08-16",38,"£,16.08.21,£38"
"Caroni 1997 Whisky Krueger 18 Year Old","2021-08-16",271,"£,16.08.21,£271"
"Caroni 1996 Velier 17 Year Old Full Proof Heavy","2021-08-16",901,"£,16.08.21,£901"
"Caroni 2000 Velier 12 Year Old 100 Proof","2021-08-16",180,"£,16.08.21,£180"
"Caroni 1997 Berry Brothers and Rudd 21 Year Old Exceptional Cask","2021-08-16",625,"£,16.08.21,£625"
"Caroni 1996 Velier 23 Year Old Full Proof Heavy / 'The Last Caroni'","2021-08-16",800,"£,16.08.21,£800"
"Caroni 1996 Velier 17 Year Old High Proof Heavy","2021-08-16",676,"£,16.08.21,£676"
"Caroni 1974 Velier 34 Year Old Full Proof Heavy","2021-08-16",2900,"£,16.08.21,£2,900"
"Caroni 1982 Velier 24 Year Old Full Proof Heavy","2021-08-16",1350,"£,16.08.21,£1,350"
"Caroni 1985 Velier 21 Year Old Full Proof Heavy","2021-08-16",1200,"£,16.08.21,£1,200"
"Caroni 1974 Bristol Classic","2021-08-16",1000,"£,16.08.21,£1,000"
"Caroni 1974 Bristol Classic","2021-08-16",1000,"£,16.08.21,£1,000"
"Caroni 1998 Velier 15 Year Old 104 Proof","2021-07-12",220,"£,12.07.21,£220"
"Caroni 2000 Velier 12 Year Old 100 Proof","2021-07-12",200,"£,12.07.21,£200"
"Caroni 1985 Velier 21 Year Old Full Proof Heavy","2021-07-12",1150,"£,12.07.21,£1,150"
"Caroni 1982 Velier 24 Year Old Full Proof Heavy","2021-07-12",1300,"£,12.07.21,£1,300"
"Caroni 1974 Velier 34 Year Old Full Proof Heavy","2021-07-12",2300,"£,12.07.21,£2,300"
"Caroni 1998 Velier 17 Year Old 110 Proof","2021-07-12",291,"£,12.07.21,£291"
"Caroni 1998 Velier 15 Year Old 104 Proof","2021-07-12",230,"£,12.07.21,£230"
"Caroni 1998 Velier 17 Year Old 110 Proof","2021-07-12",210,"£,12.07.21,£210"
"Caroni 1998 The Wild Parrot 'Red'","2021-07-12",527,"£,12.07.21,£527"
"Caroni 1998 The Wild Parrot 'White'","2021-07-12",577,"£,12.07.21,£577"
"Caroni 1998 Thompson Brothers 23 Year Old","2021-07-12",286,"£,12.07.21,£286"
"Caroni 2000 Velier 17 Year Old High Proof 75cl / US Import","2021-07-12",470,"£,12.07.21,£470"
"Caroni 1996 Velier 21 Year Old 100 Imperial Proof","2021-07-12",270,"£,12.07.21,£270"
"Caroni 1996 Velier Full Proof Heavy / Deodat 'Breeze' Manmohan","2021-07-12",1000,"£,12.07.21,£1,000"
"Caroni 2000 Velier 17 Year Old High Proof Heavy","2021-07-12",460,"£,12.07.21,£460"
"Caroni 1997 Sansibar 23 Year Old","2021-07-12",257,"£,12.07.21,£257"
"Caroni 1998 Velier 21 Year Old Full Proof Heavy / Kevon 'Slippery' Moreno","2021-07-12",680,"£,12.07.21,£680"
"Caroni 1996 Velier 23 Year Old Full Proof Blended / Tasting Gang","2021-07-12",370,"£,12.07.21,£370"
"Caroni 1996 Velier 23 Year Old Full Proof Heavy / 'The Last Caroni'","2021-07-12",653,"£,12.07.21,£653"
"Caroni 1998 Velier 15 Year Old 104 Proof","2021-07-12",259,"£,12.07.21,£259"
"Caroni 1998 Velier Full Proof Heavy / Ganesh 'Buju' Ramgobie","2021-07-12",701,"£,12.07.21,£701"
"Caroni 2000 Velier Full Proof Heavy / Nita 'Nitz' Hogan","2021-07-12",700,"£,12.07.21,£700"
"Caroni 1996 Velier 20 Year Old 100 Proof Heavy","2021-07-12",465,"£,12.07.21,£465"
"Caroni 1998 Velier 20 Year Old Full Proof Heavy / Dennis 'X' Gopaul","2021-07-12",1016,"£,12.07.21,£1,016"
"Caroni 2000 Velier 17 Year Old High Proof 75cl / US Import","2021-07-12",470,"£,12.07.21,£470"
"Caroni 1996 Velier Full Proof Heavy / Dhanraj 'Dan' Maharaj","2021-07-12",1050,"£,12.07.21,£1,050"
"Caroni 1998 Velier Full Proof Heavy / Ganesh 'Buju' Ramgobie","2021-07-12",700,"£,12.07.21,£700"
"Caroni 1998 Velier 21 Year Old Full Proof Heavy / Kevon 'Slippery' Moreno","2021-07-12",600,"£,12.07.21,£600"
"Caroni 1996 Velier Full Proof Heavy / Vijay 'Vijay' Ranmarine","2021-07-12",1100,"£,12.07.21,£1,100"
"Caroni 1998 Thompson Brothers 23 Year Old","2021-07-12",296,"£,12.07.21,£296"
"Caroni 1997 Whisky Krueger 18 Year Old 35cl","2021-07-12",272,"£,12.07.21,£272"
"Caroni 1997 Berry Brothers and Rudd 21 Year Old Exceptional Cask","2021-07-12",951,"£,12.07.21,£951"
"Caroni 1996 Velier 21 Year Old 100 Imperial Proof","2021-07-12",270,"£,12.07.21,£270"
"Caroni 1997 Berry Brothers and Rudd 21 Year Old Exceptional Cask","2021-07-12",1000,"£,12.07.21,£1,000"
"Caroni 1996 Velier 23 Year Old Full Proof Heavy / 'The Last Caroni'","2021-07-12",665,"£,12.07.21,£665"
"Caroni 1997 Liquid Art","2021-07-12",460,"£,12.07.21,£460"
"Caroni 1998 Velier Full Proof Heavy / Dayanand 'Yunkoo' Balloon","2021-07-12",655,"£,12.07.21,£655"
"Caroni 1996 Velier 23 Year Old Full Proof Blended / Tasting Gang","2021-07-12",360,"£,12.07.21,£360"
"Caroni Velier Employees 5th Release 3 x 70cl","2021-07-12",2600,"£,12.07.21,£2,600"
"Caroni 1994 Velier 17 Year Old High Proof Heavy","2021-07-12",750,"£,12.07.21,£750"
"Caroni 1974 Velier 34 Year Old Full Proof Heavy","2021-07-12",3900,"£,12.07.21,£3,900"
"Caroni 1998 Rum Sponge 22 Year Old Edition No.1","2021-07-12",441,"£,12.07.21,£441"
"Caroni Velier Employees 5th Release 3 x 70cl","2021-07-12",2501,"£,12.07.21,£2,501"
"Caroni 1998 Rum Sponge 22 Year Old Edition No.1","2021-07-12",451,"£,12.07.21,£451"
"Caroni 1996 Velier 23 Year Old Full Proof Heavy / 'The Last Caroni'","2021-07-12",676,"£,12.07.21,£676"
"Caroni 1998 Velier 16 Year Old Full Proof Heavy","2021-07-12",580,"£,12.07.21,£580"
"Caroni 1998 Velier 16 Year Old High Proof Heavy","2021-07-12",651,"£,12.07.21,£651"
"Caroni 1996 Velier 23 Year Old Full Proof Heavy / 'The Last Caroni'","2021-07-12",651,"£,12.07.21,£651"
"Caroni 1996 Velier 21 Year Old 100 Imperial Proof","2021-07-12",270,"£,12.07.21,£270"
"Caroni 1994 Velier 23 Year Old 100 Proof Heavy / Guyana Stock","2021-07-12",410,"£,12.07.21,£410"
"Caroni 2000 Velier 17 Year Old High Proof Heavy","2021-07-12",465,"£,12.07.21,£465"
"Caroni 20 Year Old That Boutique-y Rum Company Batch #2","2021-07-12",142,"£,12.07.21,£142"
"Caroni 1997 Rum Sponge 23 Year Old Edition No.3A","2021-07-12",310,"£,12.07.21,£310"
"Caroni 1998 Velier Full Proof Heavy / Ganesh 'Buju' Ramgobie","2021-07-12",699,"£,12.07.21,£699"
"Caroni 20 Year Old That Boutique-y Rum Company Batch #1","2021-07-12",142,"£,12.07.21,£142"
"Caroni 20 Year Old That Boutique-y Rum Company Batch #1","2021-07-12",151,"£,12.07.21,£151"
"Caroni 1998 Rum Nation 22 Year Old Small Batch 50cl","2021-07-12",190,"£,12.07.21,£190"
"Caroni 1998 Rum Nation 22 Year Old Small Batch 50cl","2021-07-12",190,"£,12.07.21,£190"
"Caroni 1998 Rom de Luxe 22 Year Old","2021-07-12",750,"£,12.07.21,£750"
"Caroni 1998 Rum Artesanal 50cl","2021-07-12",159,"£,12.07.21,£159"
"Caroni 1996 Velier 23 Year Old Full Proof Heavy / 'The Last Caroni'","2021-07-12",665,"£,12.07.21,£665"
"Caroni 1997 The 1423 SBS Box Set 4 x 20cl","2021-07-12",232,"£,12.07.21,£232"
"Caroni 1996 The Secret Treasures","2021-07-12",140,"£,12.07.21,£140"
"Caroni 1989 Isla del Ron","2021-07-12",192,"£,12.07.21,£192"
"Caroni 1996 Velier 23 Year Old Full Proof Heavy / 'The Last Caroni'","2021-07-12",665,"£,12.07.21,£665"
"Caroni 1996 Velier 23 Year Old Full Proof Blended / Tasting Gang","2021-07-12",360,"£,12.07.21,£360"
"Caroni 1996 Velier 23 Year Old Full Proof Blended / Tasting Gang","2021-07-12",370,"£,12.07.21,£370"
"Caroni TMCG 1998 Rom de Luxe 23 Year Old / Uhrskov Vine","2021-07-12",850,"£,12.07.21,£850"
"Caroni 1998 Rom de Luxe 22 Year Old","2021-07-12",750,"£,12.07.21,£750"
"Caroni 1996 Velier 21 Year Old 100 Imperial Proof","2021-06-14",271,"£,14.06.21,£271"
"Caroni 1996 The Secret Treasures","2021-06-14",111,"£,14.06.21,£111"
"Caroni 1989 Isla del Ron","2021-06-14",211,"£,14.06.21,£211"
"Caroni 1997 A.D. Rattray 18 Year Old 75cl / US Import","2021-06-14",200,"£,14.06.21,£200"
"Caroni 1993 Murray McDavid 11 Year Old","2021-06-14",100,"£,14.06.21,£100"
"Caroni 1998 The Duchess 21 Year Old","2021-06-14",283,"£,14.06.21,£283"
"Caroni 1989 Isla del Ron","2021-06-14",231,"£,14.06.21,£231"
"Caroni 20 Year Old That Boutique-y Rum Company Batch #1","2021-06-14",160,"£,14.06.21,£160"
"Caroni 1998 Rum Nation 22 Year Old Small Batch 50cl","2021-06-14",220,"£,14.06.21,£220"
"Caroni 1998 Rum Nation 22 Year Old Small Batch 50cl","2021-06-14",160,"£,14.06.21,£160"
"Caroni 1998 Rum Sponge 22 Year Old Edition No.1","2021-06-14",650,"£,14.06.21,£650"
"Caroni 2000 Velier Full Proof Heavy / Basdeo 'Dicky' Ramsarran","2021-06-14",700,"£,14.06.21,£700"
"Caroni Providence 1991 Caledonia","2021-06-14",290,"£,14.06.21,£290"
"Caroni 1997 A.D. Rattray 20 Year Old / Shinanoya","2021-06-14",340,"£,14.06.21,£340"
"Caroni 1997 Blackadder Raw Cask","2021-06-14",292,"£,14.06.21,£292"
"Caroni 1997 Jazzin 20 Year Old / Harp","2021-06-14",210,"£,14.06.21,£210"
"Caroni Velier Employees 3rd Release Gift Set 3 x 20cl","2021-06-14",675,"£,14.06.21,£675"
"Caroni 1996 Velier 22 Year Old Full Proof Heavy / John 'D' Eversley","2021-06-14",1150,"£,14.06.21,£1,150"
"Caroni 1996 Velier 22 Year Old Full Proof Heavy / John 'D' Eversley","2021-06-14",1100,"£,14.06.21,£1,100"
"Caroni 1998 The Wild Parrot 'White'","2021-06-14",560,"£,14.06.21,£560"
"Caroni 1998 Velier 17 Year Old 110 Proof","2021-06-14",231,"£,14.06.21,£231"
"Caroni 1996 Velier 21 Year Old 100 Imperial Proof","2021-06-14",250,"£,14.06.21,£250"
"Caroni 1998 The Wild Parrot 'Red'","2021-06-14",525,"£,14.06.21,£525"
"Caroni 1996 Velier 23 Year Old Full Proof Blended / Tasting Gang","2021-06-14",445,"£,14.06.21,£445"
"Caroni 1996 Velier 23 Year Old Full Proof Heavy / 'The Last Caroni'","2021-06-14",576,"£,14.06.21,£576"
"Caroni 1998 Velier 15 Year Old 104 Proof","2021-06-14",220,"£,14.06.21,£220"
"Caroni 1994 Velier 23 Year Old 100 Proof Heavy / Guyana Stock","2021-06-14",500,"£,14.06.21,£500"
